CUSTOMER_NAME,PLANT_NAME,ENGINE_ID,FILE_ID
SPIFFY,SPIRITUAL-POLECAT,ENGINE_1,data_1.csv
SPIFFY,SPIRITUAL-POLECAT,ENGINE_2,data_2.csv
SPIFFY,SPIRITUAL-POLECAT,ENGINE_3,data_3.csv
NONCHALANT,NIFTY-ROOK,ENGINE_1,data_4.csv
NONCHALANT,NIFTY-ROOK,ENGINE_2,data_5.csv
NONCHALANT,NIFTY-ROOK,ENGINE_3,data_6.csv
NONCHALANT,NIFTY-ROOK,ENGINE_4,data_7.csv
NONCHALANT,NIFTY-ROOK,ENGINE_5,data_8.csv
NONCHALANT,PREHISTORIC-PETREL,ENGINE_1,data_9.csv
NONCHALANT,PREHISTORIC-PETREL,ENGINE_2,data_10.csv
NONCHALANT,THERAPEUTIC-LIONFISH,ENGINE_1,data_11.csv
NONCHALANT,THERAPEUTIC-LIONFISH,ENGINE_2,data_12.csv
NONCHALANT,THERAPEUTIC-LIONFISH,ENGINE_3,data_13.csv
NONCHALANT,THERAPEUTIC-LIONFISH,ENGINE_4,data_14.csv
NONCHALANT,THERAPEUTIC-LIONFISH,ENGINE_5,data_15.csv
NONCHALANT,THERAPEUTIC-LIONFISH,ENGINE_6,data_16.csv
SOFT,ABORIGINAL-PICULET,ENGINE_1,data_17.csv
SOFT,ABORIGINAL-PICULET,ENGINE_2,data_18.csv
SOFT,ABORIGINAL-PICULET,ENGINE_3,data_19.csv
SOFT,ABORIGINAL-PICULET,ENGINE_4,data_20.csv
SOFT,ABORIGINAL-PICULET,ENGINE_5,data_21.csv
SOFT,ABORIGINAL-PICULET,ENGINE_6,data_22.csv
SOFT,CARMINE-REINDEER,ENGINE_1,data_23.csv
SOFT,CARMINE-REINDEER,ENGINE_2,data_24.csv
SOFT,CARMINE-REINDEER,ENGINE_3,data_25.csv
SOFT,CARMINE-REINDEER,ENGINE_4,data_26.csv
SOFT,IDEALISTIC-DODO,ENGINE_1,data_27.csv
SOFT,IDEALISTIC-DODO,ENGINE_2,data_28.csv
SOFT,IDEALISTIC-DODO,ENGINE_3,data_29.csv
SOFT,IDEALISTIC-DODO,ENGINE_4,data_30.csv
BUSY,ANCIENT-WASP,ENGINE_1,data_31.csv
BUSY,ANCIENT-WASP,ENGINE_2,data_32.csv
BUSY,ANCIENT-WASP,ENGINE_3,data_33.csv
BUSY,ANCIENT-WASP,ENGINE_4,data_34.csv
BUSY,ANCIENT-WASP,ENGINE_5,data_35.csv
BUSY,AQUAMARINE-KANGAROO,ENGINE_1,data_36.csv
BUSY,AQUAMARINE-KANGAROO,ENGINE_2,data_37.csv
BUSY,AQUAMARINE-KANGAROO,ENGINE_3,data_38.csv
BUSY,AQUAMARINE-KANGAROO,ENGINE_4,data_39.csv
BUSY,AQUAMARINE-KANGAROO,ENGINE_5,data_40.csv
BUSY,AQUAMARINE-KANGAROO,ENGINE_6,data_41.csv
BUSY,AQUAMARINE-KANGAROO,ENGINE_7,data_42.csv
BUSY,AQUAMARINE-KANGAROO,ENGINE_8,data_43.csv
BUSY,RADIANT-STURGEON,ENGINE_1,data_44.csv
BUSY,RADIANT-STURGEON,ENGINE_2,data_45.csv
BUSY,RADIANT-STURGEON,ENGINE_3,data_46.csv
BUSY,RADIANT-STURGEON,ENGINE_4,data_47.csv
BUSY,RADIANT-STURGEON,ENGINE_5,data_48.csv
BUSY,CURIOUS-QUAIL,ENGINE_1,data_49.csv
BUSY,CURIOUS-QUAIL,ENGINE_2,data_50.csv
BUSY,SILKY-WEASEL,ENGINE_1,data_51.csv
BUSY,SILKY-WEASEL,ENGINE_2,data_52.csv
BUSY,SILKY-WEASEL,ENGINE_3,data_53.csv
BUSY,SILKY-WEASEL,ENGINE_4,data_54.csv
BUSY,SILKY-WEASEL,ENGINE_5,data_55.csv
BUSY,SILKY-WEASEL,ENGINE_6,data_56.csv
BUSY,INDIGO-TAPIR,ENGINE_1,data_57.csv
BUSY,INDIGO-TAPIR,ENGINE_2,data_58.csv
BUSY,INDIGO-TAPIR,ENGINE_3,data_59.csv
BUSY,INDIGO-TAPIR,ENGINE_4,data_60.csv
BUSY,INDIGO-TAPIR,ENGINE_5,data_61.csv
BUSY,INDIGO-TAPIR,ENGINE_6,data_62.csv
BUSY,INDIGO-TAPIR,ENGINE_7,data_63.csv
FERVENT,PERFECT-MACKEREL,ENGINE_1,data_64.csv
FERVENT,PERFECT-MACKEREL,ENGINE_2,data_65.csv
FERVENT,ADORABLE-PANTHER,ENGINE_1,data_66.csv
FERVENT,ADORABLE-PANTHER,ENGINE_2,data_67.csv
FERVENT,ADORABLE-PANTHER,ENGINE_3,data_68.csv
FERVENT,ADORABLE-PANTHER,ENGINE_4,data_69.csv
FERVENT,ADORABLE-PANTHER,ENGINE_5,data_70.csv
FERVENT,ADORABLE-PANTHER,ENGINE_6,data_71.csv
FERVENT,ADORABLE-PANTHER,ENGINE_7,data_72.csv
FERVENT,CAREFUL-PHEASANT,ENGINE_1,data_73.csv
FERVENT,CAREFUL-PHEASANT,ENGINE_2,data_74.csv
FERVENT,CAREFUL-PHEASANT,ENGINE_3,data_75.csv
FERVENT,CAREFUL-PHEASANT,ENGINE_4,data_76.csv
FERVENT,CAREFUL-PHEASANT,ENGINE_5,data_77.csv
GLEAMING,PRECISE-POGONA,ENGINE_1,data_78.csv
GLEAMING,PRECISE-POGONA,ENGINE_2,data_79.csv
GLEAMING,PRECISE-POGONA,ENGINE_3,data_80.csv
GLEAMING,PRECISE-POGONA,ENGINE_4,data_81.csv
GLEAMING,PRECISE-POGONA,ENGINE_5,data_82.csv
GLEAMING,PRECISE-POGONA,ENGINE_6,data_83.csv
GLEAMING,PRECISE-POGONA,ENGINE_7,data_84.csv
GLEAMING,FIERY-BOBCAT,ENGINE_1,data_85.csv
GLEAMING,FIERY-BOBCAT,ENGINE_2,data_86.csv
GLEAMING,FIERY-BOBCAT,ENGINE_3,data_87.csv
GLEAMING,FIERY-BOBCAT,ENGINE_4,data_88.csv
GLEAMING,FIERY-BOBCAT,ENGINE_5,data_89.csv
GLEAMING,FIERY-BOBCAT,ENGINE_6,data_90.csv
GLEAMING,BIPEDAL-UAKARI,ENGINE_1,data_91.csv
GLEAMING,LUSH-CHIPMUNK,ENGINE_1,data_92.csv
GLEAMING,LUSH-CHIPMUNK,ENGINE_2,data_93.csv
GLEAMING,LUSH-CHIPMUNK,ENGINE_3,data_94.csv
GLEAMING,LUSH-CHIPMUNK,ENGINE_4,data_95.csv
GLEAMING,HYPERSONIC-BULLDOG,ENGINE_1,data_96.csv
GLEAMING,HYPERSONIC-BULLDOG,ENGINE_2,data_97.csv
GLEAMING,HYPERSONIC-BULLDOG,ENGINE_3,data_98.csv
GLEAMING,HYPERSONIC-BULLDOG,ENGINE_4,data_99.csv
GLEAMING,HYPERSONIC-BULLDOG,ENGINE_5,data_100.csv
GLEAMING,HYPERSONIC-BULLDOG,ENGINE_6,data_101.csv
IDEALISTIC,TUSCAN-CAPUCHIN,ENGINE_1,data_102.csv
IDEALISTIC,MUSTARD-PANDA,ENGINE_1,data_103.csv
IDEALISTIC,MUSTARD-PANDA,ENGINE_2,data_104.csv
IDEALISTIC,MUSTARD-PANDA,ENGINE_3,data_105.csv
IDEALISTIC,MUSTARD-PANDA,ENGINE_4,data_106.csv
IDEALISTIC,MUSTARD-PANDA,ENGINE_5,data_107.csv
IDEALISTIC,MUSTARD-PANDA,ENGINE_6,data_108.csv
IDEALISTIC,MUSTARD-PANDA,ENGINE_7,data_109.csv
IDEALISTIC,NIFTY-MULE,ENGINE_1,data_110.csv
IDEALISTIC,NIFTY-MULE,ENGINE_2,data_111.csv
IDEALISTIC,NIFTY-MULE,ENGINE_3,data_112.csv
IDEALISTIC,NIFTY-MULE,ENGINE_4,data_113.csv
IDEALISTIC,NIFTY-MULE,ENGINE_5,data_114.csv
DELIGHTFUL,TOURMALINE-MOUSE,ENGINE_1,data_115.csv
DELIGHTFUL,TOURMALINE-MOUSE,ENGINE_2,data_116.csv
DELIGHTFUL,TOURMALINE-MOUSE,ENGINE_3,data_117.csv
DELIGHTFUL,TOURMALINE-MOUSE,ENGINE_4,data_118.csv
DELIGHTFUL,TOURMALINE-MOUSE,ENGINE_5,data_119.csv
DELIGHTFUL,TOURMALINE-MOUSE,ENGINE_6,data_120.csv
DELIGHTFUL,TOURMALINE-MOUSE,ENGINE_7,data_121.csv
DELIGHTFUL,TOURMALINE-MOUSE,ENGINE_8,data_122.csv
DELIGHTFUL,ANNOYING-SPONGE,ENGINE_1,data_123.csv
DELIGHTFUL,ANNOYING-SPONGE,ENGINE_2,data_124.csv
DELIGHTFUL,ANNOYING-SPONGE,ENGINE_3,data_125.csv
DELIGHTFUL,ROSE-KINGFISHER,ENGINE_1,data_126.csv
DELIGHTFUL,ROSE-KINGFISHER,ENGINE_2,data_127.csv
DELIGHTFUL,ROSE-KINGFISHER,ENGINE_3,data_128.csv
DELIGHTFUL,ROSE-KINGFISHER,ENGINE_4,data_129.csv
DELIGHTFUL,ROSE-KINGFISHER,ENGINE_5,data_130.csv
DELIGHTFUL,ROSE-KINGFISHER,ENGINE_6,data_131.csv
DELIGHTFUL,ROSE-KINGFISHER,ENGINE_7,data_132.csv
DELIGHTFUL,BEAUTIFUL-HIPPO,ENGINE_1,data_133.csv
DELIGHTFUL,BEAUTIFUL-HIPPO,ENGINE_2,data_134.csv
DELIGHTFUL,BEAUTIFUL-HIPPO,ENGINE_3,data_135.csv
DELIGHTFUL,BEAUTIFUL-HIPPO,ENGINE_4,data_136.csv
DELIGHTFUL,BEAUTIFUL-HIPPO,ENGINE_5,data_137.csv
DELIGHTFUL,BEAUTIFUL-HIPPO,ENGINE_6,data_138.csv
DELIGHTFUL,BEAUTIFUL-HIPPO,ENGINE_7,data_139.csv
DELIGHTFUL,BEAUTIFUL-HIPPO,ENGINE_8,data_140.csv
TOUGH,VORACIOUS-PARROT,ENGINE_1,data_141.csv
TOUGH,VORACIOUS-PARROT,ENGINE_2,data_142.csv
TOUGH,VORACIOUS-PARROT,ENGINE_3,data_143.csv
TOUGH,VORACIOUS-PARROT,ENGINE_4,data_144.csv
TOUGH,VORACIOUS-PARROT,ENGINE_5,data_145.csv
TANGIBLE,STOIC-KOEL,ENGINE_1,data_146.csv
TANGIBLE,STOIC-KOEL,ENGINE_2,data_147.csv
TANGIBLE,STOIC-KOEL,ENGINE_3,data_148.csv
TANGIBLE,STOIC-KOEL,ENGINE_4,data_149.csv
TANGIBLE,STOIC-KOEL,ENGINE_5,data_150.csv
TANGIBLE,STOIC-KOEL,ENGINE_6,data_151.csv
TANGIBLE,STOIC-KOEL,ENGINE_7,data_152.csv
TANGIBLE,STOIC-KOEL,ENGINE_8,data_153.csv
TANGIBLE,COBALT-CATFISH,ENGINE_1,data_154.csv
DRAMATIC,CERULEAN-NAUTILUS,ENGINE_1,data_155.csv
DRAMATIC,CERULEAN-NAUTILUS,ENGINE_2,data_156.csv
DRAMATIC,CERULEAN-NAUTILUS,ENGINE_3,data_157.csv
DRAMATIC,CERULEAN-NAUTILUS,ENGINE_4,data_158.csv
DRAMATIC,CERULEAN-NAUTILUS,ENGINE_5,data_159.csv
DRAMATIC,PRAGMATIC-MASTIFF,ENGINE_1,data_160.csv
DRAMATIC,PRAGMATIC-MASTIFF,ENGINE_2,data_161.csv
DRAMATIC,PRAGMATIC-MASTIFF,ENGINE_3,data_162.csv
DRAMATIC,PRAGMATIC-MASTIFF,ENGINE_4,data_163.csv
DRAMATIC,PRAGMATIC-MASTIFF,ENGINE_5,data_164.csv
DRAMATIC,PRAGMATIC-MASTIFF,ENGINE_6,data_165.csv
DRAMATIC,PRAGMATIC-MASTIFF,ENGINE_7,data_166.csv
DRAMATIC,RAPID-CARACARA,ENGINE_1,data_167.csv
DRAMATIC,RAPID-CARACARA,ENGINE_2,data_168.csv
DRAMATIC,RAPID-CARACARA,ENGINE_3,data_169.csv
DRAMATIC,COBALT-MALKOHA,ENGINE_1,data_170.csv
DRAMATIC,COBALT-MALKOHA,ENGINE_2,data_171.csv
KIND,SAGE-PRAWN,ENGINE_1,data_172.csv
KIND,SAGE-PRAWN,ENGINE_2,data_173.csv
KIND,SAGE-PRAWN,ENGINE_3,data_174.csv
KIND,SAGE-PRAWN,ENGINE_4,data_175.csv
JUDICIOUS,ANGELIC-REINDEER,ENGINE_1,data_176.csv
JUDICIOUS,ANGELIC-REINDEER,ENGINE_2,data_177.csv
JUDICIOUS,ANGELIC-REINDEER,ENGINE_3,data_178.csv
JUDICIOUS,ANGELIC-REINDEER,ENGINE_4,data_179.csv
JUDICIOUS,INESCAPABLE-QUOKKA,ENGINE_1,data_180.csv
JUDICIOUS,INESCAPABLE-QUOKKA,ENGINE_2,data_181.csv
JUDICIOUS,INESCAPABLE-QUOKKA,ENGINE_3,data_182.csv
JUDICIOUS,INESCAPABLE-QUOKKA,ENGINE_4,data_183.csv
JUDICIOUS,INESCAPABLE-QUOKKA,ENGINE_5,data_184.csv
JUDICIOUS,INESCAPABLE-QUOKKA,ENGINE_6,data_185.csv
JUDICIOUS,INESCAPABLE-QUOKKA,ENGINE_7,data_186.csv
JUDICIOUS,DIDACTIC-HORNET,ENGINE_1,data_187.csv
JUDICIOUS,DIDACTIC-HORNET,ENGINE_2,data_188.csv
JUDICIOUS,DIDACTIC-HORNET,ENGINE_3,data_189.csv
JUDICIOUS,DIDACTIC-HORNET,ENGINE_4,data_190.csv
JUDICIOUS,SINGING-HONEYBEE,ENGINE_1,data_191.csv
JUDICIOUS,SINGING-HONEYBEE,ENGINE_2,data_192.csv
JUDICIOUS,SINGING-HONEYBEE,ENGINE_3,data_193.csv
JUDICIOUS,SINGING-HONEYBEE,ENGINE_4,data_194.csv
JUDICIOUS,LOUD-OCELOT,ENGINE_1,data_195.csv
JUDICIOUS,LOUD-OCELOT,ENGINE_2,data_196.csv
JUDICIOUS,LOUD-OCELOT,ENGINE_3,data_197.csv
JUDICIOUS,LOUD-OCELOT,ENGINE_4,data_198.csv
JUDICIOUS,LOUD-OCELOT,ENGINE_5,data_199.csv
JUDICIOUS,LOUD-OCELOT,ENGINE_6,data_200.csv
JUDICIOUS,LOUD-OCELOT,ENGINE_7,data_201.csv
JUDICIOUS,LOUTISH-PANDA,ENGINE_1,data_202.csv
JUDICIOUS,LOUTISH-PANDA,ENGINE_2,data_203.csv
SCEPTICAL,ZIRCON-CAMEL,ENGINE_1,data_204.csv
SCEPTICAL,ZIRCON-CAMEL,ENGINE_2,data_205.csv
SCEPTICAL,ZIRCON-CAMEL,ENGINE_3,data_206.csv
SCEPTICAL,ZIRCON-CAMEL,ENGINE_4,data_207.csv
SCEPTICAL,GIGANTIC-EARWIG,ENGINE_1,data_208.csv
SCEPTICAL,GIGANTIC-EARWIG,ENGINE_2,data_209.csv
MERCIFUL,PREMIUM-MOTH,ENGINE_1,data_210.csv
MERCIFUL,PREMIUM-MOTH,ENGINE_2,data_211.csv
MERCIFUL,PREMIUM-MOTH,ENGINE_3,data_212.csv
MERCIFUL,PREMIUM-MOTH,ENGINE_4,data_213.csv
